;head_outlet;head_avg
0;224.0773333333333;
1;234.82224;245.49565
2;234.81812;245.47389
3;234.68758;245.44955
4;183.8847;244.9676
