ME;MAE;RBIAS;r
5.615078625801276;5.616616868239177;0.022686638179515876;0.9929149797570851
