ncells;time;time_per_step
100;0:00:00.000483;0:00:00.000483
2500;0:00:00.003489;0:00:00.003489
10000;0:00:00.014887;0:00:00.014887
40000;0:00:00.072023;0:00:00.072023
160000;0:00:00.323013;0:00:00.323013
640000;0:00:01.169910;0:00:01.169910
1000000;0:00:01.806037;0:00:01.806037
