ncells;time;time_per_step;backend
100;0:00:06.222529;0:00:00.230464;jax
2500;0:00:07.741178;0:00:00.286710;jax
10000;0:00:11.448391;0:00:00.424014;jax
40000;0:00:20.035511;0:00:00.742056;jax
160000;0:00:56.832417;0:00:02.104904;jax
640000;0:03:26.016011;0:00:07.630223;jax
1000000;0:04:59.811036;0:00:11.104112;jax
