ncells;time;time_per_step;backend
100;0:00:05.258059;0:00:00.194743;numpy
2500;0:00:08.769172;0:00:00.324784;numpy
10000;0:00:18.780895;0:00:00.695589;numpy
40000;0:00:56.290963;0:00:02.084850;numpy
160000;0:03:32.421756;0:00:07.867472;numpy
640000;0:13:59.218162;0:00:31.082154;numpy
1000000;0:23:16.983054;0:00:51.740113;numpy
