ncells;time;time_per_step;backend
100;0:00:05.490400;0:00:00.203348;numpy
2500;0:00:09.394726;0:00:00.347953;numpy
10000;0:00:20.589319;0:00:00.762567;numpy
40000;0:01:04.753035;0:00:02.398261;numpy
160000;0:04:08.106434;0:00:09.189127;numpy
640000;0:16:21.879787;0:00:36.365918;numpy
1000000;0:27:01.644046;0:01:00.060891;numpy
