ncells;time;time_per_step;backend
100;0:00:06.218687;0:00:00.230322;jax
2500;0:00:08.199067;0:00:00.303669;jax
10000;0:00:11.934205;0:00:00.442008;jax
40000;0:00:22.059429;0:00:00.817016;jax
160000;0:01:16.359694;0:00:02.828137;jax
640000;0:04:40.783423;0:00:10.399386;jax
1000000;0:06:50.482206;0:00:15.203045;jax
