ncells;time;time_per_step;backend
100;0:00:09.268730;0:00:00.343286;jax
2500;0:00:11.386148;0:00:00.421709;jax
10000;0:00:16.796454;0:00:00.622091;jax
40000;0:00:28.707648;0:00:01.063246;jax
160000;0:01:21.410579;0:00:03.015207;jax
640000;0:04:53.392408;0:00:10.866385;jax
1000000;0:07:17.817558;0:00:16.215465;jax
