ncells;time;time_per_step
100;0:00:00.010159;0:00:00.000339
2500;0:00:00.068340;0:00:00.002278
10000;0:00:00.301174;0:00:00.010039
40000;0:00:01.017727;0:00:00.033924
160000;0:00:03.868581;0:00:00.128953
640000;0:00:15.970028;0:00:00.532334
1000000;0:00:24.953800;0:00:00.831793
