ncells;time;time_per_step;backend
100;0:00:07.672226;0:00:00.284157;numpy
2500;0:00:12.627038;0:00:00.467668;numpy
10000;0:00:27.424822;0:00:01.015734;numpy
40000;0:01:23.393447;0:00:03.088646;numpy
160000;0:05:23.180773;0:00:11.969658;numpy
640000;0:21:31.527170;0:00:47.834340;numpy
1000000;0:37:15.905770;0:01:22.811325;numpy
